Entity ID,NPI Name,Category,Latitude,Longitude
C0002,1073808168,Primary Care,37.6809548,-122.4746548
C0002,1134106388,Primary Care,37.3669518,-122.0837707
C0002,1073577573,Primary Care,37.663375,-120.9855388
C0002,1871731414,Primary Care,37.6436517,-121.8121048
C0002,1770738825,Primary Care,37.663375,-120.9855388
C0002,1962502872,Primary Care,37.5243731,-122.2659855
C0002,1104803097,Primary Care,37.3670015,-122.0837406
C0002,1851378095,Primary Care,37.3670015,-122.0837406
C0002,1265461644,Primary Care,37.7971223,-122.4075259
C0002,1124224571,Primary Care,37.3615809,-121.8501431
C0002,1366630444,Primary Care,37.3615828,-121.8501676
C0002,1942233580,Primary Care,37.3615828,-121.8501676
C0002,1164884623,Primary Care,37.6320082,-122.0946893
C0002,1053572156,Diagnostics,38.4220111,-122.7536826
C0002,1265482772,Primary Care,38.4220111,-122.7536826
C0002,1437380987,Primary Care,38.4220075,-122.7535139
C0002,1497998777,Diagnostics,38.4220111,-122.7536826
C0002,1912262643,Primary Care,37.5940013,-122.3817433
C0002,1225059520,Primary Care,37.7913277,-122.4315839
C0002,1558725846,Primary Care,38.4220075,-122.7535139
C0002,1962502872,Primary Care,37.5243731,-122.2659855
C0002,1265461644,Primary Care,37.7971223,-122.4075259
C0002,1073808168,Primary Care,37.6809548,-122.4746548
C0002,1396079562,Primary Care,35.3833744,-119.0206543
C0002,1629161336,Primary Care,37.6675054,-120.9891553
C0002,1740588680,Primary Care,37.6675101,-120.9891794
C0002,1851466890,Primary Care,38.4220111,-122.7536826
C0002,1003948340,Diagnostics,37.663375,-120.9855388
C0002,1689772592,Diagnostics,37.7631044,-122.4578806
C0002,1972927960,Specialty,37.3112781,-121.9315708
C0002,1003213026,Specialty,37.6111334,-120.9374736
C0002,1649542192,Specialty,37.7011713,-122.4704378
C0002,1972838944,Specialty,37.3503311,-121.8134221
C0002,1992204481,Specialty,37.3151812,-121.7934446
C0002,1700857885,Specialty,37.3603903,-121.8480716
C0002,1588635460,Specialty,37.0195464,-121.5610819
C0002,1609847581,Specialty,37.6436101,-121.0046867
C0002,1548232572,Specialty,37.2973708,-121.9141096
C0002,1558666701,Specialty,37.1184441,-121.6340002
C0002,1821107590,Specialty,37.4563429,-121.91691
C0002,1023330883,Specialty,37.4780111,-122.1483041
C0002,1861463770,Specialty,37.6896675,-120.9755525
C0002,1639511884,Specialty,37.3829672,-122.0792568
C0002,1154682441,Specialty,37.704782,-121.072341
C0002,1386615458,Specialty,37.5033346,-122.2457192
C0002,1306299391,Specialty,37.2455112,-121.8916247
C0002,1730110578,Specialty,37.5480494,-122.3099878
C0002,1245261866,Specialty,37.6417961,-122.4258029
C0002,1154392009,Specialty,37.2519518,-121.8269754
C0002,1104190826,Specialty,37.96858,-121.286738
C0002,1134142565,Specialty,38.0033939,-121.2868659
C0002,1578724761,Specialty,37.2293266,-121.7763577
C0002,1073888699,Specialty,37.3060599,-121.8120994
C0002,1922079805,Specialty,37.3765496,-122.0144137
C0002,1457510919,Specialty,37.7527052,-121.4554825
C0002,1972963379,Specialty,37.4961477,-120.8752698
C0002,1376514141,Specialty,37.5089163,-120.840746
C0002,1417229022,Specialty,37.7011713,-122.4704378
C0002,1962457267,Specialty,37.4563217,-121.9168506
C0002,1932171972,Specialty,37.6436101,-121.0046867
C0002,1083046247,Specialty,37.3829672,-122.0792568
C0002,1841634144,Specialty,37.704782,-121.072341
C0002,1386615235,Specialty,37.322465,-121.9790364
C0002,1023161734,Specialty,37.5480494,-122.3099878
C0002,1144260811,Specialty,37.9872456,-121.3527722
C0002,1275604183,Primary Care,37.5939626,-122.381703
C0002,1770951915,Specialty,37.2519668,-121.8270276
C0002,1871543215,Diagnostics,37.4331552,-122.1766786
C0002,1629632377,Specialty,37.6648835,-120.9541102
C0002,1720545817,Specialty,37.7815335,-122.4593438
C0002,1588697122,Primary Care,37.3615828,-121.8501676
C0002,1063462950,Diagnostics,38.4220111,-122.7536826
C0002,1104261130,Specialty,37.7904387,-122.4231772
C0002,1164767836,Specialty,38.349508,-122.7113266
C0002,1326093626,Specialty,38.4220111,-122.7536826
C0002,1528221249,Specialty,37.7869119,-122.4209291
C0002,1548231095,Specialty,38.5510327,-122.8043249
C0002,1821069907,Specialty,38.4220111,-122.7536826
C0002,1710918545,Diagnostics,38.5550146,-121.4567364
C0002,1326712597,Specialty,36.8443186,-121.3936642
C0002,1912008178,Diagnostics,47.2378091,-122.4825298
C0002,1972179141,Primary Care,34.058007,-118.4458139
C0002,1902386642,Primary Care,33.6704415,-117.8623243
C0002,1003290453,Specialty,29.692645,-95.400761
C0002,1306848569,Primary Care,37.6675054,-120.9891553
C0073,1912982489,Primary Care,32.6479985,-96.8780345
C0073,1366882334,Primary Care,32.2660241,-110.8891006
C0073,1154685592,Primary Care,32.6479737,-96.8780372
C0073,1992806632,Primary Care,32.6479737,-96.8780372
C0073,1912191545,Primary Care,32.6479985,-96.8780345
C0073,1467481382,Primary Care,32.6459712,-96.8810104
C0073,1487859823,Primary Care,32.6479985,-96.8780345
C0073,1124220298,Primary Care,39.0584341,-94.6105637
C0073,1306003124,Primary Care,32.6479737,-96.8780372
C0073,1356572945,Primary Care,29.7714804,-94.9820546
C0073,1508834599,Primary Care,32.6479985,-96.8780345
C0073,1841200391,Primary Care,32.8012595,-96.6099766
C0073,1649475351,Primary Care,32.6459712,-96.8810104
C0073,1215134630,Primary Care,32.8012595,-96.6099766
C0073,1962431890,Primary Care,32.6459712,-96.8810104
C0073,1659545457,Primary Care,32.6459712,-96.8810104
C0073,1417023201,Primary Care,32.6459712,-96.8810104
C0073,1467611582,Primary Care,32.6479985,-96.8780345
C0073,1447328828,Primary Care,32.6479985,-96.8780345
C0073,1235576166,Primary Care,32.6479737,-96.8780372
C0073,1255665402,Primary Care,32.6479737,-96.8780372
C0073,1548573587,Primary Care,32.6479985,-96.8780345
C0073,1598896110,Primary Care,34.6095848,-98.4476419
C0073,1982916862,Primary Care,32.6479985,-96.8780345
C0073,1194035667,Primary Care,32.611925,-97.118483
C0073,1376877191,Primary Care,32.6479985,-96.8780345
C0073,1184724122,Primary Care,32.4370743,-97.7716586
C0073,1710986013,Primary Care,32.6479985,-96.8780345
C0073,1871684928,Primary Care,32.6459712,-96.8810104
C0073,1417335951,Primary Care,32.6479737,-96.8780372
C0073,1912954496,Primary Care,30.3928779,-91.0920228
C0073,1740596329,Primary Care,43.0435774,-88.0217863
C0073,1962885350,Primary Care,34.6099815,-98.447792
C0073,1487098141,Primary Care,40.2177251,-85.4100457
C0002,1396079562,Primary Care,35.3833744,-119.0206543
C0073,1093774127,Primary Care,32.8294971,-97.1203925
C0073,1245295989,Primary Care,32.6667146,-97.0894721
C0073,1285354985,Primary Care,32.8721637,-97.101314
C0073,1285829440,Primary Care,32.6667359,-97.0895808
C0073,1386056695,Primary Care,32.8721637,-97.101314
C0073,1619411618,Primary Care,32.8964629,-97.0974896
C0073,1902840853,Primary Care,32.6667146,-97.0894721
C0073,1174893465,Primary Care,32.9397628,-97.085222
C0073,1629186168,Primary Care,32.6479985,-96.8780345
C0073,1639360209,Specialty,32.6452123,-96.8860621
C0073,1841499134,Specialty,32.8118397,-96.6090008
C0073,1386839207,Specialty,32.8931516,-96.4720535
C0073,1043742919,Specialty,32.5976404,-96.9370249
C0073,1134465206,Specialty,32.6479985,-96.8780345
C0073,1831681824,Specialty,32.8504411,-96.6839578
C0073,1467852186,Specialty,32.790391,-96.7814917
C0073,1013959683,Specialty,32.6032285,-96.8217623
C0073,1366709057,Specialty,32.9700599,-96.7205462
C0073,1033423173,Specialty,32.4145803,-96.8426904
C0073,1043756810,Specialty,32.6735289,-97.0440816
C0073,1770829723,Specialty,33.0109508,-96.6140426
C0073,1114340825,Specialty,33.0345355,-96.6978712
C0073,1518308154,Specialty,32.8944322,-96.7678361
C0073,1013272194,Specialty,33.0164692,-96.7717222
C0073,1740675164,Specialty,32.9978639,-96.6598864
C0073,1467816504,Specialty,32.9122937,-96.5268512
C0073,1891254371,Specialty,32.9031134,-96.7698607
C0073,1982210050,Specialty,32.2162405,-98.2441015
C0073,1861924912,Specialty,32.78016,-96.5644301
C0073,1922049782,Specialty,34.5994374,-98.4391598
C0073,1942801931,Specialty,33.2104133,-96.6362494
C0073,1801402979,Specialty,32.8795786,-96.6328314
C0073,1427671502,Specialty,33.0177751,-96.7909801
C0073,1841621356,Specialty,34.6381519,-99.3142776
C0073,1659567238,Diagnostics,29.5300717,-95.2024937
C0002,1003290453,Specialty,29.692645,-95.400761
C0073,1790186385,Diagnostics,35.3106509,-97.4950974
C0073,1881990869,Specialty,33.5078529,-84.220237
C0002,1972179141,Primary Care,34.058007,-118.4458139
C0002,1902386642,Primary Care,33.6704415,-117.8623243
C0073,1457927899,Specialty,32.7551295,-97.0175319
C0073,1598090854,Primary Care,32.6667146,-97.0894721
C0074,1922025378,Primary Care,40.6907168,-111.890185
C0074,1497757660,Primary Care,29.4271045,-98.5004284
C0074,1154329720,Primary Care,29.4270199,-98.500439
C0074,1053328336,Primary Care,29.4271045,-98.5004284
C0074,1396729083,Primary Care,29.4903033,-98.5720587
C0074,1972761849,Primary Care,29.3525019,-98.5530087
C0074,1144272865,Primary Care,29.5154347,-98.569741
C0074,1669625448,Primary Care,29.4805259,-98.7036258
C0074,1710962279,Primary Care,29.4903033,-98.5720587
C0074,1093951238,Primary Care,29.4271045,-98.5004284
C0074,1942436522,Primary Care,29.4805259,-98.7036258
C0074,1154580223,Primary Care,29.4903033,-98.5720587
C0074,1407023476,Primary Care,29.3525019,-98.5530087
C0074,1306085477,Primary Care,29.4903033,-98.5720587
C0074,1568880706,Primary Care,28.7140801,-100.4583302
C0074,1154334464,Primary Care,29.4254953,-98.4650978
C0074,1679768089,Primary Care,27.5327858,-99.4781211
C0074,1356611859,Primary Care,26.2337509,-98.241219
C0074,1295219145,Primary Care,29.4254953,-98.4650978
C0074,1588683155,Specialty,29.4269953,-98.5004463
C0074,1407818149,Diagnostics,27.6060129,-99.479937
C0074,1760565378,Primary Care,26.1969872,-98.3173328
C0074,1649237314,Primary Care,26.6177094,-81.6871994
C0074,1700909801,Primary Care,32.8135792,-96.8420488
C0074,1730701723,Primary Care,26.2551644,-98.2052728
C0074,1740212042,Primary Care,26.1844087,-98.2243205
C0074,1972574010,Primary Care,26.1824897,-98.2094222
C0074,1194798967,Primary Care,27.5653307,-99.4725846
C0002,1396079562,Primary Care,35.3833744,-119.0206543
C0074,1790385037,Primary Care,29.3525019,-98.5530087
C0074,1801321757,Specialty,29.4805259,-98.7036258
C0074,1407242100,Primary Care,29.5154347,-98.569741
C0074,1679175574,Primary Care,29.4271045,-98.5004284
C0074,1174220776,Primary Care,29.4271045,-98.5004284
C0074,1265849442,Primary Care,26.1912346,-98.2255988
C0074,1669786042,Primary Care,26.1818542,-98.2077136
C0074,1851569511,Specialty,28.9490922,-98.5006583
C0074,1457310880,Specialty,29.5122403,-98.6304563
C0074,1821013657,Specialty,29.7687482,-98.7179644
C0074,1780139550,Specialty,29.4270199,-98.500439
C0074,1487824546,Specialty,29.3927616,-98.6473139
C0074,1427525385,Specialty,29.4805259,-98.7036258
C0074,1700846862,Specialty,28.7140801,-100.4583302
C0074,1609261031,Specialty,29.4903033,-98.5720587
C0074,1750555611,Specialty,29.3449387,-99.1297956
C0074,1932168374,Specialty,29.3441638,-98.486206
C0074,1982963039,Specialty,29.4270199,-98.500439
C0074,1578822516,Specialty,29.3525019,-98.5530087
C0074,1467810325,Specialty,29.355076,-98.4501642
C0074,1205133709,Specialty,29.4668184,-98.6962622
C0074,1598172223,Primary Care,27.5327858,-99.4781211
C0074,1376092221,Specialty,26.2419999,-98.2891286
C0074,1093730053,Specialty,26.2930119,-97.9888794
C0074,1336126804,Specialty,26.2566723,-98.1721594
C0074,1164409686,Specialty,26.1842225,-98.2090936
C0074,1861479347,Specialty,26.1500762,-97.9738071
C0074,1639156193,Specialty,26.1951909,-98.3165332
C0074,1932186343,Specialty,26.1828065,-98.2207914
C0074,1144400342,Primary Care,27.6060326,-99.4799672
C0074,1477512895,Specialty,29.2247136,-98.7903014
C0074,1114576998,Specialty,29.5584166,-98.3495182
C0074,1164481594,Specialty,29.4255218,-98.4651304
C0074,1659358158,Specialty,26.1644629,-97.6816904
C0074,1922621135,Specialty,26.2013229,-97.6840001
C0074,1669459079,Specialty,26.1337503,-97.6190579
C0074,1346227824,Specialty,26.3746798,-98.8595588
C0074,1578613220,Specialty,27.5030968,-99.4464395
C0074,1891772315,Specialty,27.5653462,-99.4724378
C0074,1194274050,Specialty,27.6034839,-99.4837172
C0074,1003422171,Specialty,29.4805259,-98.7036258
C0074,1346863545,Specialty,29.5154575,-98.5697409
C0074,1831317155,Specialty,29.5990308,-98.2742065
C0074,1548279904,Primary Care,26.1824897,-98.2094222
C0074,1275503393,Primary Care,29.4271045,-98.5004284
C0002,1003290453,Specialty,29.692645,-95.400761
C0073,1659567238,Diagnostics,29.5300717,-95.2024937
C0074,1477727949,Primary Care,26.1912346,-98.2255988
C0002,1972179141,Primary Care,34.058007,-118.4458139
C0002,1902386642,Primary Care,33.6704415,-117.8623243
C0074,1720542053,Primary Care,26.2337509,-98.241219
C0074,1093220113,Primary Care,26.1818542,-98.2077136
C0083,1760658959,Primary Care,26.5202217,-81.8867094
C0083,1811221096,Primary Care,26.5202217,-81.8867094
C0083,1881646602,Primary Care,26.5202217,-81.8867094
C0083,1164541801,Primary Care,26.5202217,-81.8867094
C0083,1114978715,Primary Care,26.5202217,-81.8867094
C0083,1194776989,Primary Care,26.5202217,-81.8867094
C0083,1457554529,Primary Care,26.5202217,-81.8867094
C0083,1477799823,Primary Care,26.5202217,-81.8867094
C0083,1528254059,Primary Care,26.5202217,-81.8867094
C0083,1588871594,Primary Care,26.5202217,-81.8867094
C0083,1700070125,Primary Care,26.5202217,-81.8867094
C0083,1700838539,Primary Care,26.5202217,-81.8867094
C0083,1245281864,Primary Care,26.5202217,-81.8867094
C0083,1710317086,Primary Care,26.5202217,-81.8867094
C0083,1376817775,Primary Care,38.84631,-82.2373477
C0083,1609858026,Primary Care,39.501815,-76.3308487
C0074,1649237314,Primary Care,26.6177094,-81.6871994
C0002,1396079562,Primary Care,35.3833744,-119.0206543
C0083,1013518414,Primary Care,26.5202217,-81.8867094
C0083,1790420511,Primary Care,26.5202217,-81.8867094
C0083,1386214161,Primary Care,26.5210369,-81.8927088
C0083,1720508922,Primary Care,26.6177094,-81.6871994
C0083,1952897084,Primary Care,26.5202217,-81.8867094
C0083,1518957596,Primary Care,29.019857,-80.9303822
C0083,1538773411,Specialty,26.6049258,-81.8580813
C0083,1770934762,Specialty,26.271328,-81.766822
C0083,1346833985,Specialty,26.6075643,-81.866385
C0083,1205411154,Specialty,26.659591,-81.9414075
C0083,1972117109,Primary Care,26.6177094,-81.6871994
C0083,1598346777,Specialty,26.7222312,-81.9140119
C0083,1245812577,Specialty,26.6175548,-81.6873389
C0083,1659947158,Specialty,26.6092809,-82.0237261
C0083,1477133072,Specialty,26.5453207,-81.845544
C0083,1285226902,Specialty,26.2817828,-81.8017044
C0073,1881990869,Specialty,33.5078529,-84.220237
C0083,1437100146,Diagnostics,26.5202217,-81.8867094
C0002,1003290453,Specialty,29.692645,-95.400761
C0002,1972179141,Primary Care,34.058007,-118.4458139
C0002,1902386642,Primary Care,33.6704415,-117.8623243
C0083,1326028002,Specialty,29.019857,-80.9303822
C0190,1104596949,Primary Care,43.0901945,-75.2789442
C0190,1215989322,Primary Care,43.0920794,-75.2866355
C0190,1548346661,Primary Care,43.0920794,-75.2866355
C0190,1063532125,Primary Care,42.9976722,-78.7998128
C0190,1114470390,Primary Care,43.1120676,-78.9888129
C0190,1467572537,Primary Care,42.9976722,-78.7998128
C0190,1588185243,Primary Care,42.9976722,-78.7998128
C0190,1629198700,Primary Care,42.9976722,-78.7998128
C0190,1790807410,Primary Care,42.9976722,-78.7998128
C0190,1912118431,Primary Care,42.9976722,-78.7998128
C0190,1972705978,Primary Care,42.9976722,-78.7998128
C0190,1508418732,Primary Care,42.9976722,-78.7998128
C0190,1760511034,Primary Care,42.9381008,-78.783674
C0190,1801842844,Primary Care,43.1546843,-78.6667909
C0074,1649237314,Primary Care,26.6177094,-81.6871994
C0190,1063518074,Primary Care,43.0930277,-76.1702357
C0190,1164405213,Primary Care,43.0930277,-76.1702357
C0190,1164614962,Primary Care,43.0930277,-76.1702357
C0190,1336121946,Primary Care,34.3187821,-83.7972938
C0190,1407019730,Primary Care,43.0930277,-76.1702357
C0190,1629154653,Primary Care,43.0930277,-76.1702357
C0190,1760584411,Primary Care,43.0930277,-76.1702357
C0190,1902888506,Primary Care,43.0930277,-76.1702357
C0190,1851586986,Primary Care,43.0930724,-76.1703668
C0190,1487756136,Primary Care,43.0930277,-76.1702357
C0190,1477104073,Primary Care,43.1625298,-76.3173687
C0190,1316041551,Primary Care,43.1019601,-76.1634574
C0190,1558849679,Primary Care,43.1019472,-76.1635959
C0190,1689001497,Primary Care,43.1019601,-76.1634574
C0190,1730283144,Primary Care,43.1019601,-76.1634574
C0190,1679782023,Primary Care,43.1019601,-76.1634574
C0190,1265785976,Primary Care,43.1019601,-76.1634574
C0190,1780225623,Primary Care,43.1019601,-76.1634574
C0190,1407452709,Primary Care,43.1019472,-76.1635959
C0002,1396079562,Primary Care,35.3833744,-119.0206543
C0190,1881113488,Primary Care,43.0930724,-76.1703668
C0190,1063998607,Primary Care,43.2248441,-78.3977746
C0190,1033541610,Primary Care,37.9690582,-100.8692427
C0190,1053374934,Primary Care,41.7196907,-73.9278378
C0190,1184963746,Primary Care,41.665109,-73.9305864
C0190,1497844757,Primary Care,41.516578,-74.0202585
C0190,1578513883,Primary Care,41.4945142,-74.0313412
C0190,1578528873,Primary Care,41.9289903,-73.9995769
C0190,1619112075,Primary Care,40.8676408,-73.9064159
C0190,1912285701,Primary Care,33.858359,-84.015565
C0190,1992942551,Primary Care,41.9289903,-73.9995769
C0190,1053540492,Primary Care,42.9280788,-78.8314052
C0190,1083970529,Primary Care,42.1239657,-77.9494308
C0190,1164471959,Primary Care,42.9245421,-78.8326211
C0190,1164675898,Primary Care,42.9245421,-78.8326211
C0190,1346303864,Primary Care,42.9245421,-78.8326211
C0190,1346328713,Primary Care,40.6068905,-73.9236082
C0190,1356750350,Primary Care,40.8412952,-73.9411685
C0190,1497780076,Primary Care,42.9245421,-78.8326211
C0190,1497987093,Primary Care,42.8984728,-78.8595097
C0190,1649685199,Primary Care,42.9245421,-78.8326211
C0190,1386676203,Primary Care,42.9245421,-78.8326211
C0190,1356897482,Specialty,42.9211885,-78.7837604
C0190,1235631367,Specialty,42.9812471,-78.8268247
C0190,1093017634,Specialty,42.9836184,-78.6983029
C0190,1629370267,Specialty,42.8905943,-78.7520487
C0190,1740583087,Specialty,42.9990079,-78.850164
C0190,1881909711,Primary Care,43.1592095,-78.6650044
C0190,1548287329,Primary Care,43.0920794,-75.2866355
C0190,1831276823,Primary Care,43.0930724,-76.1703668
C0190,1063530053,Primary Care,42.9976722,-78.7998128
C0190,1760402564,Primary Care,43.1019601,-76.1634574
C0002,1003290453,Specialty,29.692645,-95.400761
C0190,1720194335,Diagnostics,41.3817995,-73.6656523
C0190,1629357769,Primary Care,41.6928934,-73.9363315
C0002,1972179141,Primary Care,34.058007,-118.4458139
C0002,1902386642,Primary Care,33.6704415,-117.8623243
C0190,1255394763,Primary Care,42.9928869,-78.7255877
C0190,1396347795,Specialty,42.7794617,-78.8121683
C0190,1104467984,Specialty,41.5205474,-74.0272803
C0190,1275970980,Specialty,41.665109,-73.9305864
C0190,1952908386,Specialty,41.9581424,-73.9880533
C0192,1043453293,Primary Care,32.7382307,-97.3355664
C0192,1285859389,Primary Care,32.9393388,-96.9525479
C0192,1457553224,Primary Care,32.7382307,-97.3355664
C0192,1598260093,Primary Care,32.735078,-97.3470757
C0192,1619185519,Primary Care,33.1606334,-96.8386597
C0192,1699316786,Primary Care,32.7382307,-97.3355664
C0192,1699767798,Primary Care,32.7382307,-97.3355664
C0192,1700061819,Diagnostics,26.2501796,-98.1995487
C0192,1790709285,Primary Care,32.7505631,-97.1086469
C0192,1871753780,Primary Care,32.3425598,-97.4023564
C0192,1881798270,Primary Care,32.5202342,-97.3462967
C0192,1881816437,Primary Care,32.7382307,-97.3355664
C0192,1912156407,Primary Care,32.7382307,-97.3355664
C0192,1932395811,Primary Care,32.7382307,-97.3355664
C0192,1952582157,Primary Care,32.7382307,-97.3355664
C0192,1992989206,Primary Care,32.7382307,-97.3355664
C0192,1477170637,Primary Care,32.7375078,-97.3355717
C0192,1720652167,Primary Care,32.735078,-97.3470757
C0192,1811420763,Primary Care,36.1335731,-95.9649188
C0192,1376066647,Primary Care,32.8998774,-97.547273
C0192,1457562399,Primary Care,29.7230421,-95.3884747
C0192,1154517688,Primary Care,29.7099079,-95.3997225
C0192,1063413235,Primary Care,29.5350478,-95.1306657
C0192,1154654648,Primary Care,29.5350478,-95.1306657
C0192,1164560595,Primary Care,29.5350478,-95.1306657
C0192,1396377925,Primary Care,29.5350478,-95.1306657
C0074,1649237314,Primary Care,26.6177094,-81.6871994
C0192,1376779140,Primary Care,29.7065171,-95.4605394
C0192,1720099765,Primary Care,30.0500575,-95.1846057
C0192,1073557468,Primary Care,29.7114681,-95.3999888
C0192,1164804225,Primary Care,29.7114397,-95.3999932
C0192,1255440418,Primary Care,29.7114681,-95.3999888
C0192,1578594024,Primary Care,29.7144809,-95.3978614
C0192,1346211083,Primary Care,29.852048,-95.3008716
C0192,1811136039,Primary Care,28.4066133,-97.7328649
C0002,1396079562,Primary Care,35.3833744,-119.0206543
C0192,1932158128,Primary Care,29.5350478,-95.1306657
C0192,1457666570,Primary Care,29.9725435,-95.5463282
C0192,1902548480,Primary Care,32.7382307,-97.3355664
C0192,1508516808,Primary Care,32.7382307,-97.3355664
C0192,1427259399,Specialty,29.7000055,-95.3601807
C0192,1740638147,Specialty,29.6998199,-95.5544914
C0192,1245853449,Specialty,30.2890594,-95.465296
C0192,1275706350,Specialty,29.523205,-95.1638311
C0192,1023693793,Specialty,29.7002151,-95.2976317
C0192,1811165087,Specialty,29.6818887,-95.4025815
C0192,1598975062,Specialty,30.0643977,-95.2466951
C0192,1366988131,Specialty,29.5999359,-95.580292
C0192,1588338859,Specialty,29.5812597,-95.3915979
C0192,1114460300,Specialty,29.6901123,-95.4073213
C0192,1851068795,Specialty,29.7123879,-95.5055133
C0192,1487105920,Specialty,29.6596283,-95.1867321
C0192,1891312559,Specialty,29.6901123,-95.4073213
C0192,1174883029,Specialty,29.7484529,-95.3682397
C0192,1033503479,Specialty,29.682077,-95.4392472
C0192,1679923411,Specialty,29.6998199,-95.5544914
C0192,1487600904,Specialty,32.715056,-97.2623651
C0192,1639125131,Specialty,32.7392361,-97.334547
C0192,1053367763,Specialty,32.7877128,-97.3780432
C0192,1386690964,Specialty,32.7392361,-97.334547
C0192,1255907697,Specialty,32.5978694,-97.1449892
C0192,1609473941,Specialty,32.7226497,-97.3451969
C0192,1437756772,Specialty,32.7226497,-97.3451969
C0192,1649893850,Specialty,32.9279617,-97.2536124
C0192,1881195576,Specialty,32.8469106,-97.1005665
C0192,1194102368,Specialty,32.5203013,-97.3462947
C0192,1295780054,Specialty,32.7537554,-97.7894217
C0192,1073959631,Specialty,32.9142686,-97.2914522
C0192,1528480837,Specialty,32.6652594,-97.4197578
C0192,1689980419,Specialty,32.7572059,-97.2195948
C0192,1083841530,Specialty,32.899784,-97.5471801
C0192,1457595670,Specialty,32.3425598,-97.4023564
C0192,1407030364,Specialty,32.7406461,-97.452574
C0192,1023064623,Specialty,32.6758389,-97.3797658
C0192,1851347355,Specialty,32.8457493,-97.2397502
C0192,1669992913,Specialty,28.4139028,-97.754997
C0192,1215120977,Primary Care,30.0486934,-95.2561577
C0192,1144529868,Primary Care,29.7230421,-95.3884747
C0192,1871818997,Primary Care,29.7114681,-95.3999888
C0192,1942694146,Primary Care,29.5341657,-95.1297117
C0192,1942647987,Primary Care,29.7099079,-95.3997225
C0192,1295736973,Primary Care,32.7375078,-97.3355717
C0002,1003290453,Specialty,29.692645,-95.400761
C0073,1659567238,Diagnostics,29.5300717,-95.2024937
C0002,1972179141,Primary Care,34.058007,-118.4458139
C0002,1902386642,Primary Care,33.6704415,-117.8623243
C0192,1497479828,Specialty,32.8064121,-97.4291537
C0192,1518608785,Specialty,29.4181471,-95.2431828
C0192,1821664269,Specialty,32.7505631,-97.1086469
C0192,1710322466,Specialty,32.5696815,-97.0961981
C0192,1861015067,Specialty,32.7336788,-97.0986826
C0193,1023503570,Primary Care,61.5895204,-149.4057276
C0193,1073509063,Primary Care,61.1838819,-149.8371455
C0193,1154717775,Primary Care,46.8926634,-114.0405339
C0193,1235575788,Primary Care,61.2102556,-149.8293301
C0193,1770887101,Primary Care,61.1860486,-149.8221512
C0193,1831327444,Primary Care,61.1839042,-149.8373681
C0193,1992064836,Primary Care,39.9121123,-79.7561856
C0193,1073509063,Primary Care,61.1838819,-149.8371455
C0193,1487609236,Primary Care,61.1082768,-149.8616592
C0193,1558319434,Primary Care,61.1881937,-149.8191386
C0193,1831327444,Primary Care,61.1839042,-149.8373681
C0193,1992064836,Primary Care,39.9121123,-79.7561856
C0193,1336553510,Primary Care,61.1082768,-149.8616592
C0193,1487609236,Primary Care,61.1082768,-149.8616592
C0074,1649237314,Primary Care,26.6177094,-81.6871994
C0193,1396039947,Primary Care,61.1880785,-149.8188628
C0193,1558319434,Primary Care,61.1881937,-149.8191386
C0193,1710460373,Primary Care,61.1881937,-149.8191386
C0193,1487857579,Primary Care,47.6092273,-122.3242281
C0002,1396079562,Primary Care,35.3833744,-119.0206543
C0193,1164736930,Primary Care,61.1839042,-149.8373681
C0193,1336553510,Primary Care,61.1082768,-149.8616592
C0193,1083148910,Primary Care,61.1839042,-149.8373681
C0193,1841468535,Specialty,61.1458201,-149.8657696
C0193,1316206915,Specialty,61.2214017,-149.7793054
C0193,1659417137,Primary Care,61.1881937,-149.8191386
C0193,1912013160,Primary Care,61.1885709,-149.8190659
C0193,1932282381,Primary Care,61.1838819,-149.8371455
C0193,1093146623,Primary Care,61.1082768,-149.8616592
C0002,1003290453,Specialty,29.692645,-95.400761
C0002,1912008178,Diagnostics,47.2378091,-122.4825298
C0002,1972179141,Primary Care,34.058007,-118.4458139
C0002,1902386642,Primary Care,33.6704415,-117.8623243
C0193,1003567512,Specialty,61.1847941,-149.8351808
C0194,1104824259,Primary Care,38.8577942,-104.791976
C0194,1215692413,Primary Care,38.8577942,-104.791976
C0194,1376589242,Primary Care,38.8577942,-104.791976
C0194,1396867156,Primary Care,38.8577942,-104.791976
C0194,1679605265,Primary Care,38.8577942,-104.791976
C0194,1811351588,Primary Care,38.8577942,-104.791976
C0194,1831770593,Primary Care,38.8577942,-104.791976
C0194,1851376842,Primary Care,38.8577942,-104.791976
C0194,1962488494,Primary Care,38.8577942,-104.791976
C0194,1982214136,Primary Care,38.8577942,-104.791976
C0194,1063494367,Primary Care,39.539505,-104.8864837
C0194,1255313441,Primary Care,39.539505,-104.8864837
C0194,1396035341,Primary Care,39.539505,-104.8864837
C0194,1578761003,Primary Care,39.5395431,-104.8864191
C0194,1861474140,Primary Care,39.539505,-104.8864837
C0194,1942315668,Primary Care,39.539505,-104.8864837
C0194,1417267386,Primary Care,39.539505,-104.8864837
C0194,1033209713,Diagnostics,39.6704232,-104.974143
C0194,1194750083,Diagnostics,39.6704232,-104.974143
C0194,1225047145,Diagnostics,35.4516635,-97.4713682
C0194,1447357561,Diagnostics,39.6704232,-104.974143
C0194,1831283126,Primary Care,39.6704232,-104.974143
C0002,1396079562,Primary Care,35.3833744,-119.0206543
C0194,1457924557,Primary Care,39.539505,-104.8864837
C0194,1629125042,Primary Care,32.7542698,-117.166135
C0194,1740264357,Primary Care,41.1632117,-104.7980975
C0194,1255313441,Primary Care,39.539505,-104.8864837
C0194,1104892272,Primary Care,39.5482987,-104.7707932
C0194,1285914531,Primary Care,39.5482988,-104.7707931
C0194,1316978984,Primary Care,39.5482988,-104.7707931
C0194,1699921817,Primary Care,39.5482988,-104.7707931
C0194,1679158307,Specialty,39.6737085,-104.8461556
C0194,1407525447,Specialty,39.5395431,-104.8864191
C0194,1790953453,Specialty,38.3199396,-104.6198431
C0194,1447207378,Diagnostics,39.67046,-104.97386
C0194,1407833767,Primary Care,38.8577942,-104.791976
C0194,1861082117,Primary Care,39.539505,-104.8864837
C0194,1306461108,Primary Care,41.3202507,-105.5620725
C0002,1003290453,Specialty,29.692645,-95.400761
C0194,1588038681,Diagnostics,40.5853177,-105.0793968
C0194,1578642922,Primary Care,39.5482988,-104.7707931
C0002,1972179141,Primary Care,34.058007,-118.4458139
C0002,1902386642,Primary Care,33.6704415,-117.8623243
C0194,1902552789,Specialty,41.1632117,-104.7980975
C0204,1124366240,Primary Care,41.1838592,-111.9501253
C0204,1194915561,Primary Care,41.0910953,-111.9967918
C0204,1700143930,Primary Care,41.757155,-111.8187161
C0074,1649237314,Primary Care,26.6177094,-81.6871994
C0204,1013668847,Primary Care,42.9152267,-112.4720228
C0204,1043747579,Primary Care,42.5910246,-114.4861036
C0204,1063449221,Primary Care,42.5910246,-114.4861036
C0204,1124366240,Primary Care,41.1838592,-111.9501253
C0204,1164579736,Primary Care,42.9152267,-112.4720228
C0204,1235286808,Primary Care,42.9152267,-112.4720228
C0204,1306371398,Primary Care,42.9152267,-112.4720228
C0204,1477790962,Primary Care,42.9152267,-112.4720228
C0204,1528592128,Primary Care,42.3535426,-83.055094
C0204,1700083813,Primary Care,42.9152267,-112.4720228
C0204,1720628308,Primary Care,43.47088,-111.9875399
C0204,1851470785,Primary Care,43.4819186,-111.9947635
C0204,1881635845,Primary Care,41.1838592,-111.9501253
C0002,1396079562,Primary Care,35.3833744,-119.0206543
C0204,1134769342,Primary Care,41.166833,-112.026203
C0204,1861120180,Primary Care,43.4683969,-111.9866349
C0204,1477156164,Specialty,41.1839291,-111.9497726
C0204,1013064690,Primary Care,42.9152267,-112.4720228
C0204,1013520154,Primary Care,41.1838592,-111.9501253
C0204,1891336194,Primary Care,41.1838592,-111.9501253
C0002,1003290453,Specialty,29.692645,-95.400761
C0194,1588038681,Diagnostics,40.5853177,-105.0793968
C0204,1235430612,Diagnostics,42.2409254,-87.961438
C0204,1689128605,Specialty,40.6427204,-111.8653729
C0002,1912008178,Diagnostics,47.2378091,-122.4825298
C0002,1972179141,Primary Care,34.058007,-118.4458139
C0002,1902386642,Primary Care,33.6704415,-117.8623243
C0204,1184388191,Specialty,41.740548,-111.831695
C0204,1962159517,Specialty,41.0721654,-111.9766678
C0207,1073995353,Primary Care,39.1487614,-94.5511769
C0207,1083264048,Primary Care,39.1494956,-94.5510548
C0207,1134123185,Primary Care,39.0043081,-94.8472785
C0207,1144485129,Primary Care,36.3433064,-94.2025896
C0207,1184783193,Primary Care,39.1158778,-94.8001119
C0207,1235417023,Primary Care,39.1494956,-94.5510548
C0207,1235610031,Primary Care,38.8543281,-94.797886
C0207,1275692295,Primary Care,38.8542957,-94.7976836
C0207,1295867158,Primary Care,38.8543281,-94.797886
C0207,1457410557,Primary Care,39.1487614,-94.5511769
C0207,1558315085,Primary Care,39.1487614,-94.5511769
C0207,1578912085,Primary Care,38.9269514,-94.7196789
C0207,1598769549,Primary Care,39.0043081,-94.8472785
C0207,1689733602,Primary Care,39.1487614,-94.5511769
C0207,1750440848,Primary Care,38.8542957,-94.7976836
C0207,1982897682,Primary Care,39.1487614,-94.5511769
C0207,1053794263,Primary Care,39.0485117,-94.5905158
C0207,1083891535,Primary Care,39.0485117,-94.5905158
C0207,1093770984,Primary Care,39.0485117,-94.5905158
C0207,1124246335,Primary Care,39.0485117,-94.5905158
C0207,1174901870,Primary Care,39.0483085,-94.5894565
C0207,1285092569,Primary Care,38.9048774,-94.5877273
C0207,1376106807,Primary Care,39.0483085,-94.5894565
C0207,1578901625,Primary Care,39.0483085,-94.5894565
C0207,1730623141,Primary Care,39.0752382,-94.5638776
C0207,1740245182,Primary Care,39.0485117,-94.5905158
C0207,1487187316,Primary Care,39.0485117,-94.5905158
C0207,1679684690,Primary Care,39.0695198,-94.5207171
C0207,1841329166,Primary Care,39.1494956,-94.5510548
C0074,1649237314,Primary Care,26.6177094,-81.6871994
C0002,1396079562,Primary Care,35.3833744,-119.0206543
C0207,1164052015,Primary Care,39.1926642,-94.5788712
C0207,1578091526,Primary Care,39.0485117,-94.5905158
C0207,1336104702,Primary Care,39.0485117,-94.5905158
C0207,1437807583,Primary Care,39.0483085,-94.5894565
C0207,1053727800,Primary Care,37.698172,-97.3325211
C0207,1104025949,Primary Care,37.6984186,-97.3327878
C0207,1316990781,Primary Care,37.698172,-97.3325211
C0207,1386282655,Primary Care,37.6984186,-97.3327878
C0207,1437316387,Primary Care,37.698172,-97.3325211
C0207,1609004316,Primary Care,37.698172,-97.3325211
C0207,1790198448,Primary Care,37.6984186,-97.3327878
C0207,1851513287,Primary Care,37.698172,-97.3325211
C0207,1861443459,Primary Care,37.698172,-97.3325211
C0207,1922396894,Primary Care,37.6984186,-97.3327878
C0207,1992756563,Primary Care,37.698172,-97.3325211
C0207,1992778518,Primary Care,37.698172,-97.3325211
C0207,1932113560,Primary Care,37.698172,-97.3325211
C0207,1023663770,Primary Care,39.0084259,-94.5757927
C0207,1083811293,Primary Care,39.0084259,-94.5757927
C0207,1326334962,Primary Care,39.0084259,-94.5757927
C0207,1356742431,Primary Care,39.0084259,-94.5757927
C0207,1568674877,Primary Care,39.0084259,-94.5757927
C0207,1598724726,Primary Care,39.0084259,-94.5757927
C0207,1649247388,Primary Care,39.0084259,-94.5757927
C0207,1841643210,Primary Care,38.9348578,-94.6038428
C0207,1861049215,Primary Care,39.0084259,-94.5757927
C0207,1871716613,Primary Care,39.0084259,-94.5757927
C0207,1164528626,Primary Care,39.0483085,-94.5894565
C0207,1578696506,Diagnostics,39.1487614,-94.5511769
C0002,1003290453,Specialty,29.692645,-95.400761
C0194,1588038681,Diagnostics,40.5853177,-105.0793968
C0207,1497042642,Specialty,38.7881355,-90.6039944
C0207,1104877810,Primary Care,37.698172,-97.3325211
C0207,1811915713,Specialty,41.4651924,-81.5020554
C0002,1972179141,Primary Care,34.058007,-118.4458139
C0002,1902386642,Primary Care,33.6704415,-117.8623243
C0207,1710952700,Primary Care,39.0084259,-94.5757927
D0333,QUEST DIAGNOSTICS CLINICAL LABORATORIES INC,Diagnostics,61.1833206,-149.8352113
D0333,QUEST DIAGNOSTICS CLINICAL LABORATORIES INC,Diagnostics,64.830101,-147.74263
D0333,"Upperline Healthcare, PC",Primary Care,33.4053104,-86.6629047
D0333,CHRISTINE PALMA,Specialty,33.5923736,-86.2573495
D0333,ALEX SPEER,Specialty,33.347437,-86.7900974
D0333,"Upperline Healthcare, PC",Specialty,33.347437,-86.7900974
D0333,QUEST DIAGNOSTICS CLINICAL LABORATORIES INC,Primary Care,33.8388411,-87.2443015
D0333,QUEST DIAGNOSTICS CLINICAL LABORATORIES INC,Diagnostics,33.2339344,-87.5358516
D0333,QUEST DIAGNOSTICS CLINICAL LABORATORIES INC,Diagnostics,34.7208949,-86.5907196
D0333,MARVIN WILLIAMS,Specialty,33.5923736,-86.2573495
D0333,LUKE SICILIA,Specialty,32.3573801,-86.233674
D0333,LORA YEAGER-SMITH,Specialty,33.5923736,-86.2573495
D0333,CRAIG MARSH,Specialty,33.347437,-86.7900974
D0333,MALLORY KIRKLAND,Specialty,33.4053104,-86.6629047
D0333,MICHAEL KAYE,Specialty,30.6744123,-88.1889313
D0333,HOWARD COX,Specialty,32.3573801,-86.233674
D0333,JESSICA BROWN,Specialty,32.3573801,-86.233674
D0333,BENJAMIN BRANNICK,Specialty,33.6115512,-86.6263622
D0333,TODD TALBERT,Specialty,33.3960301,-86.798013
D0333,UPPERLINE HEALTHCARE PC,Specialty,33.3960301,-86.798013
D0333,NANCY LEE,Specialty,36.3323775,-94.1465817
D0333,BROOKE BISBEE,Specialty,36.3323775,-94.1465817
D0333,"Upperline Healthcare, PC",Specialty,36.3323775,-94.1465817
D0333,"Upperline Healthcare, PC",Specialty,36.3323775,-94.1465817
D0333,"Upperline Healthcare, PC",Specialty,36.3323775,-94.1465817
D0333,SPENCER ALEXANDER,Specialty,36.3323775,-94.1465817
D0333,BROOKE BISBEE,Specialty,36.3323775,-94.1465817
D0333,LAB ONE LLC,Diagnostics,35.3568072,-94.3577762
D0333,LAB ONE LLC,Diagnostics,36.3100695,-94.182811
D0333,WELDON MURRY,Specialty,36.3323775,-94.1465817
D0333,HEATHER TRAN,Specialty,32.7808135,-117.0099628
D0333,EMILY SHIBATA,Specialty,33.8742544,-117.5697157
D0333,EUGENE CHENG,Specialty,33.7876165,-117.8424602
D0333,ASHUTOSH AILANI,Specialty,33.8742544,-117.5697157
D0333,SAMUEL CAINE,Specialty,32.7808135,-117.0099628
D0333,UNILAB CORPORATION,Diagnostics,37.9873308,-121.3350486
D0333,UNILAB CORPORATION,Diagnostics,33.9470014,-117.4472678
D0333,UNILAB CORPORATION,Diagnostics,34.1263186,-117.1966531
D0333,UNILAB CORPORATION,Diagnostics,34.253758,-119.2183763
D0333,UNILAB CORPORATION,Diagnostics,40.5707819,-122.4017488
D0333,UNILAB CORPORATION,Diagnostics,34.0388643,-117.2064153
D0333,UNILAB CORPORATION,Diagnostics,35.3554893,-119.1078103
D0333,UNILAB CORPORATION,Diagnostics,37.382258,-121.921423
D0333,UNILAB CORPORATION,Diagnostics,32.8957546,-117.1289111
D0333,UNILAB CORPORATION,Diagnostics,34.1262022,-118.0518821
D0333,UNILAB CORPORATION,Diagnostics,37.8559126,-122.2560834
D0333,UNILAB CORPORATION,Diagnostics,36.8388473,-119.7395885
D0333,UNILAB CORPORATION,Diagnostics,38.6350481,-121.4746499
D0333,UNILAB CORPORATION,Diagnostics,34.2226042,-118.6255225
D0333,QUEST DIAGNOSTICS NICHOLS INSTITUTE,Diagnostics,33.5620469,-117.5439085
D0333,SPECIALTY LABORATORIES INC,Diagnostics,34.4134617,-118.5750052
D0333,WARDA SHAMSHAD,Specialty,33.9531809,-117.3912568
D0333,CAITLYN LEE,Specialty,34.1744026,-118.3159877
D0333,ANDREW GEORGE,Specialty,34.1375979,-117.4454509
D0333,UPPERLINE HEALTHCARE CALIFORNIA PC,Specialty,32.7808135,-117.0099628
D0333,MELISSA CRUZ,Primary Care,33.7876165,-117.8424602
D0333,SHARONDA BROWN,Primary Care,33.7876165,-117.8424602
D0333,HAN NGUYEN,Specialty,32.7808135,-117.0099628
D0333,GRACE TSAI,Specialty,32.6412798,-117.0818521
D0333,CHASE TAMASHIRO,Specialty,34.1744026,-118.3159877
D0333,ANTHONY SAMAAN,Primary Care,34.1744026,-118.3159877
D0333,RAHUL ABRAHAM,Specialty,33.7876165,-117.8424602
D0333,DIXON XU,Specialty,32.6412798,-117.0818521
D0333,OLIVER WANG,Specialty,34.1744026,-118.3159877
D0333,ALAYNA PUCCINELLI,Specialty,32.6412798,-117.0818521
D0333,NEIL PATEL,Specialty,33.7876165,-117.8424602
D0333,CHELSEA HENDRICKS,Specialty,33.7876165,-117.8424602
D0333,FRANCISCO MENDIVIL-MORENO,Specialty,34.1375979,-117.4454509
D0333,DANA LIN,Specialty,33.7394353,-117.9205039
D0333,STEPHEN KRIGER,Specialty,32.6412798,-117.0818521
D0333,MICHAEL KIM,Specialty,34.1375979,-117.4454509
D0333,BRAD KATZMAN,Specialty,34.0714357,-117.6505204
D0333,TINA JUSSAL,Specialty,33.7876165,-117.8424602
D0333,JAMES JUNG,Specialty,34.0714357,-117.6505204
D0333,JOHNNY HUANG,Specialty,33.9727566,-117.6930746
D0333,PAUL HONG,Specialty,33.9727566,-117.6930746
D0333,HOWARD HEWLETT,Specialty,33.7876165,-117.8424602
D0333,JOSHUA HENDRICKS,Specialty,33.7876165,-117.8424602
D0333,JEFFREY DESANTIS,Specialty,33.6161741,-117.8688692
D0333,JOHN DAVIDSON,Specialty,32.6840636,-117.0834232
D0333,JOHN CHISHOLM,Specialty,32.6412798,-117.0818521
D0333,FATIMAH BADRAN,Specialty,34.0714357,-117.6505204
D0333,BRIAN AU,Specialty,33.7876165,-117.8424602
D0333,UPPERLINE HEALTHCARE CALIFORNIA PC,Specialty,33.7876165,-117.8424602
D0333,QUEST DIAGNOSTICS CLINICAL LABORATORIES INC,Diagnostics,39.7041968,-104.9891564
D0333,QUEST DIAGNOSTICS CLINICAL LABORATORIES INC,Diagnostics,38.8630695,-104.7547126
D0333,KURT RODE,Primary Care,41.7852055,-72.74816
D0333,MARC LEDERMAN,Specialty,41.7852055,-72.74816
D0333,HARVEY LEDERMAN,Specialty,41.7852055,-72.74816
D0333,QUEST DIAGNOSTICS LLC,Diagnostics,41.168518,-73.1503323
D0333,QUEST DIAGNOSTICS LLC,Diagnostics,41.5408179,-72.0959313
D0333,QUEST DIAGNOSTICS LLC,Diagnostics,41.4854024,-72.7935282
D0333,OMARI OWENS,Specialty,27.464322,-82.6199773
D0333,ARASHDEEP SINGH,Specialty,29.2287749,-81.0856521
D0333,UZAIR AMJAD,Specialty,28.6573734,-81.2265588
D0333,ELIZABETH BARNES,Primary Care,28.5186941,-81.3766928
D0333,LESLIANNE KASPER,Primary Care,28.5186941,-81.3766928
D0333,WALLACE WILLIAMSON,Specialty,28.5186941,-81.3766928
D0333,KRISTIN JENKINS,Primary Care,28.5186941,-81.3766928
D0333,ADNAN ZUBAIR,Specialty,28.5186941,-81.3766928
D0333,ERUM JAFRY,Specialty,28.0841076,-80.6172095
D0333,PETER NORTON,Primary Care,28.5999326,-81.3245111
D0333,FELITSA LOZANO-GARCIA,Specialty,28.1455131,-81.4748415
D0333,MATTHEW MARTINCEVIC,Specialty,28.5186941,-81.3766928
D0333,MAURICE AIKEN,Specialty,28.018757,-82.7769684
D0333,THI PHAM,Specialty,28.8190833,-81.7145717
D0333,"Upperline Healthcare, PC",Specialty,28.1891176,-82.6682173
D0333,JISHAMOL PAUL,Primary Care,27.9393875,-82.4910097
D0333,JANET BROWN DEPASS,Primary Care,28.5186941,-81.3766928
D0333,SHRUTI DOSI,Specialty,28.5186941,-81.3766928
D0333,JULIO GUTIERREZ,Specialty,28.2408767,-82.1864242
D0333,JANET BROWN DEPASS,Primary Care,28.5186941,-81.3766928
D0333,"Upperline Healthcare, PC",Specialty,28.1455131,-81.4748415
D0333,"Upperline Healthcare, PC",Specialty,28.2408767,-82.1864242
D0333,"Upperline Healthcare, PC",Primary Care,28.5999326,-81.3245111
D0333,"Upperline Healthcare, PC",Primary Care,27.9393875,-82.4910097
D0333,MARJORY JONES,Specialty,27.464322,-82.6199773
D0333,SHAYNE ERMAN,Specialty,28.0646458,-81.9529275
D0333,QUEST DIAGNOSTICS CLINICAL LABORATORIES INC,Diagnostics,25.9723516,-80.2831598
D0333,QUEST DIAGNOSTICS CLINICAL LABORATORIES INC,Diagnostics,28.0535637,-82.4123174
D0333,QUEST DIAGNOSTICS CLINICAL LABORATORIES INC,Diagnostics,30.4417475,-84.2990224
D0333,QUEST DIAGNOSTICS CLINICAL LABORATORIES INC,Diagnostics,27.9149338,-82.8016435
D0333,QUEST DIAGNOSTICS CLINICAL LABORATORIES INC,Diagnostics,27.6592559,-80.3884327
D0333,QUEST DIAGNOSTICS CLINICAL LABORATORIES INC,Diagnostics,30.2194052,-81.5842762
D0333,QUEST DIAGNOSTICS CLINICAL LABORATORIES INC,Diagnostics,30.5154006,-87.2187282
D0333,QUEST DIAGNOSTICS CLINICAL LABORATORIES INC,Diagnostics,26.4298793,-81.801405
D0333,QUEST DIAGNOSTICS CLINICAL LABORATORIES INC,Diagnostics,28.8182632,-81.8889908
D0333,QUEST DIAGNOSTICS CLINICAL LABORATORIES INC,Diagnostics,28.4518464,-81.4144362
D0333,MARGALY VALCOURT,Primary Care,28.5186941,-81.3766928
D0333,THELMA MONTERROSO,Primary Care,28.5186941,-81.3766928
D0333,NISHA THAKKAR,Primary Care,28.0735452,-82.5061771
D0333,JAMILA WAY,Primary Care,28.5186941,-81.3766928
D0333,WARREN PARKER,Primary Care,29.4798037,-81.1927488
D0333,LISA MAGARY,Primary Care,29.4798037,-81.1927488
D0333,GLORIA FELDER,Primary Care,28.5186941,-81.3766928
D0333,ARTHUR JAMES,Specialty,27.9393875,-82.4910097
D0333,JEFFREY BRIMMER,Specialty,30.2457823,-81.3883556
D0333,MICHAEL SOSINSKI,Specialty,29.2803359,-81.0719729
D0333,ASMA KHAN,Specialty,30.2457823,-81.3883556
D0333,LYA BASHA,Specialty,28.0646458,-81.9529275
D0333,DANIELLE MOOSHOL,Specialty,29.2287749,-81.0856521
D0333,JEANNE MIRBEY,Specialty,28.47666,-81.4755995
D0333,SAMUEL KETTINGER,Specialty,29.2287749,-81.0856521
D0333,CARY ZINKIN,Specialty,28.6571833,-81.2406167
D0333,BRIAN ZEBROWSKI,Specialty,28.5999326,-81.3245111
D0333,FRANCESCA ZAPPASODI,Specialty,28.0841076,-80.6172095
D0333,JOSEPH WATSON,Specialty,28.9079811,-81.2867375
D0333,LAURA WALTON,Specialty,28.6571833,-81.2406167
D0333,CURTIS WAGNER,Specialty,28.4306595,-81.479945
D0333,MARILYN TORIBIO,Specialty,28.5159014,-81.2919079
D0333,PAUL THURSTON,Specialty,28.755201,-81.3658748
D0333,JONATHAN SULLIVAN,Specialty,29.5605218,-81.208411
D0333,SOHAIL SIDDIQUI,Specialty,28.3010221,-81.4017412
D0333,AMBER SHANE,Specialty,28.5482464,-81.2045965
D0333,FRAAZ SAYEED,Specialty,28.2436039,-81.3011275
D0333,ANTHONY SARANITA,Specialty,28.5486622,-81.7228725
D0333,LUIS SANCHEZ-ROBLES,Specialty,28.5159014,-81.2919079
D0333,JAMES RUST,Specialty,29.2287749,-81.0856521
D0333,JUAN RIVERA,Specialty,27.9393875,-82.4910097
D0333,CHRISTOPHER REEVES,Specialty,28.5998524,-81.3244665
D0333,JASMINE RAYMOND,Specialty,28.5186941,-81.3766928
D0333,JESSY PIERRE-LOUIS,Specialty,28.5186941,-81.3766928
D0333,ANDRES PEREZ,Specialty,28.47666,-81.4755995
D0333,BETH PEARCE,Specialty,30.2457823,-81.3883556
D0333,EUGENE PASCARELLA,Specialty,28.6655743,-81.3690293
D0333,KAREN MOON,Specialty,28.9079811,-81.2867375
D0333,DAVID MOATS,Specialty,28.3015117,-81.3970953
D0333,HILAREE MILLIRON,Specialty,29.4798037,-81.1927488
D0333,CHARLES MILLER,Specialty,28.5364055,-82.5348706
D0333,GERMAN MIKHEYEV,Specialty,28.8190833,-81.7145717
D0333,KATAN MEHTA,Specialty,27.9830824,-82.7098142
D0333,DARIA MCDONOUGH,Specialty,29.1324236,-81.0001846
D0333,DENNIS MCBROOM,Specialty,29.1324236,-81.0001846
D0333,EDMUND MAGUIRE,Specialty,28.5493637,-81.5299426
D0333,JASON LEVITRE,Specialty,30.1700113,-82.6647547
D0333,ALLEN LAZERSON,Specialty,27.795058,-82.3363087
D0333,SCOTT LABOHN,Specialty,28.2408767,-82.1864242
D0333,BRUCE KRAMER,Specialty,28.5186941,-81.3766928
D0333,KERIN HOWE,Primary Care,28.5482464,-81.2045965
D0333,JACLYN HOOVER,Specialty,28.5186941,-81.3766928
D0333,ROBERT HOOVER,Specialty,28.6655743,-81.3690293
D0333,KYLE HERRON,Specialty,29.228618,-81.085555
D0333,BOBBI HAYASHI,Specialty,29.4798037,-81.1927488
D0333,SCOTT HANNUM,Specialty,28.5999326,-81.3245111
D0333,VAL HADDON,Specialty,28.0683067,-82.3932588
D0333,RONALD HADAM,Specialty,27.464322,-82.6199773
D0333,ANDREW GREEN,Specialty,29.4798037,-81.1927488
D0333,SARAH GOSTICH,Specialty,28.5186941,-81.3766928
D0333,GABRIELLE GAGLIARDI,Specialty,27.9350384,-82.2878876
D0333,TARA FUSSELL,Specialty,28.4306595,-81.479945
D0333,KENNETH FRIEDMAN,Specialty,27.9830824,-82.7098142
D0333,MICHAEL FLATLEY,Specialty,28.1455131,-81.4748415
D0333,HOWARD FINKELSTEIN,Specialty,28.6655743,-81.3690293
D0333,STACIE FESSETTE,Specialty,27.9393875,-82.4910097
D0333,SEEMA FATIMA,Specialty,28.9079811,-81.2867375
D0333,ROBERT ESTRADA,Specialty,28.5493637,-81.5299426
D0333,JOHN DURHAM,Specialty,28.6701843,-81.3746478
D0333,MARK DAVIDS,Specialty,28.9079811,-81.2867375
D0333,ROBERT CREIGHTON,Specialty,27.8426448,-82.6810957
D0333,CYNTHIA CORREA-CEDENO,Specialty,30.257932,-81.4618719
D0333,JOSEPH CONTE,Specialty,28.4151469,-81.2415359
D0333,DOUGLAS CHILDS,Specialty,28.6811544,-81.509691
D0333,JESSICA BOTT,Primary Care,28.5999326,-81.3245111
D0333,MARQUISSA BEVERLY,Specialty,27.795058,-82.3363087
D0333,MATTHEW BERNSTEIN,Specialty,28.1891176,-82.6682173
D0333,CHRISTINA BERG,Specialty,28.1891176,-82.6682173
D0333,FEDERICO AUGER,Specialty,28.0734839,-82.5061736
D0333,BOBBI ARMBRUSTER,Primary Care,28.5999326,-81.3245111
D0333,MICHAEL ALLEN,Specialty,30.4698235,-87.2123608
D0333,"Upperline Healthcare, PC",Specialty,33.4874007,-82.091873
D0333,"Village Podiatry Group, LLC",Specialty,34.202468,-84.791197
D0333,ARIA MANSOORI,Specialty,34.0004964,-84.1666848
D0333,JASON LAPORTE,Specialty,34.7942286,-84.984791
D0333,CHRISTEN CANADA,Specialty,33.5079432,-84.2210302
D0333,NATHAN TIRABASSI,Specialty,33.8287758,-84.4974167
D0333,KUSHKARAN KAUR,Specialty,33.9035769,-84.3538832
D0333,DAVID HELFMAN,Specialty,33.9465147,-84.3306833
D0333,LISA THATCHER,Specialty,33.4874007,-82.091873
D0333,KEYVAN GANZ,Specialty,33.8521416,-84.2480471
D0333,TREVOR PAYNE,Specialty,33.4874007,-82.091873
D0333,BRIAN BENNETT,Specialty,33.4874007,-82.091873
D0333,CHRISTOPHER ANNA,Specialty,33.4874007,-82.091873
D0333,MICKEY STAPP,Specialty,33.4874007,-82.091873
D0333,"VILLAGE PODIATRY GROUP, LLC.",Specialty,34.064007,-84.721757
D0333,"VILLAGE PODIATRY GROUP, LLC.",Specialty,33.8588065,-84.6008779
D0333,JOHN HAIGHT,Specialty,33.9765082,-84.4142147
D0333,TREY EDWARDS,Specialty,34.7942286,-84.984791
D0333,"VILLAGE PODIATRY GROUP, LLC.",Specialty,33.4874007,-82.091873
D0333,"VILLAGE PODIATRY GROUP, LLC.",Specialty,33.4874007,-82.091873
D0333,"VILLAGE PODIATRY GROUP, LLC.",Specialty,33.4874007,-82.091873
D0333,"VILLAGE PODIATRY GROUP, LLC.",Specialty,33.4874007,-82.091873
D0333,QUEST DIAGNOSTICS CLINICAL LABORATORIES INC,Diagnostics,33.8321236,-84.255123
D0333,"VILLAGE PODIATRY GROUP, LLC.",Specialty,34.7942286,-84.984791
D0333,KELLY MCKEON,Specialty,33.9035769,-84.3538832
D0333,NAVITA KHATRI,Specialty,34.202468,-84.791197
D0333,ZAHEER AHAMMAD,Specialty,33.9639889,-84.0173757
D0333,"Upperline Healthcare, PC",Specialty,33.4874007,-82.091873
D0333,"Upperline Healthcare, PC",Specialty,33.4874007,-82.091873
D0333,"Upperline Healthcare, PC",Specialty,33.4874007,-82.091873
D0333,"Upperline Healthcare, PC",Specialty,33.4874007,-82.091873
D0333,JENNIFER CHIMENTO,Primary Care,34.7942286,-84.984791
D0333,ANGELA JOHNSON,Primary Care,34.7942286,-84.984791
D0333,CRYSTAL HARDY,Primary Care,34.7942286,-84.984791
D0333,MARY GRACE NUEGA,Primary Care,34.7942286,-84.984791
D0333,BRENT BLANCK-SINGER,Specialty,33.9035769,-84.3538832
D0333,CHRISTOPHER BERGEN,Specialty,33.7688853,-84.3856851
D0333,GISELE YOUTH,Specialty,33.7688853,-84.3856851
D0333,PINECCA PATEL RAVAL,Specialty,33.4492741,-84.5061448
D0333,RUCHI RAM,Specialty,33.4023866,-84.7093954
D0333,RIZCION DAGANI,Specialty,33.8588065,-84.6008779
D0333,KHATIJA AHMED,Specialty,33.8588065,-84.6008779
D0333,DOUGLAS REDD,Diagnostics,33.9041681,-84.3524306
D0333,SAMANTHA MINER,Specialty,33.8287758,-84.4974167
D0333,JOHN MARTUCCI,Specialty,34.2534307,-84.4835166
D0333,JON ZARETT,Specialty,34.2534307,-84.4835166
D0333,AMY WILSON,Specialty,33.5079432,-84.2210302
D0333,STEVEN WEISKOPF,Specialty,34.1080403,-84.5400687
D0333,ANDREW WARNER,Specialty,34.0666817,-84.2572438
D0333,DANE ULETT,Specialty,33.8103739,-84.3921807
D0333,STUART TUCK,Specialty,33.9035769,-84.3538832
D0333,SNEHA SUTHAR,Specialty,34.0004964,-84.1666848
D0333,AARON SOLOMON,Specialty,34.9437452,-85.2265124
D0333,MARK SNYDER,Specialty,34.1833139,-84.1249611
D0333,ERROL SCARLETT,Specialty,34.202468,-84.791197
D0333,JOHN RUCH,Specialty,33.8521416,-84.2480471
D0333,ALLEN RAPHAEL,Specialty,33.8287758,-84.4974167
D0333,JENNIFER PRICE,Specialty,33.7400422,-84.7341163
D0333,NICKIL NAYEE,Specialty,33.8287758,-84.4974167
D0333,ZIA MUSTAFA,Specialty,33.7400422,-84.7341163
D0333,LAWANNA MONDAY,Specialty,33.7042645,-84.1570333
D0333,LA GENIA MITCHELL SMITH,Specialty,33.7688853,-84.3856851
D0333,MICHAEL MILLER,Specialty,33.8588065,-84.6008779
D0333,STEPHANIE MICHAEL,Specialty,33.9410091,-84.6984019
D0333,MIKE LAUR,Specialty,34.064007,-84.721757
D0333,VANN JOHNSON,Specialty,34.1044245,-84.0236628
D0333,ROGER HUNT,Specialty,34.7942286,-84.984791
D0333,MITCHELL HILSEN,Specialty,34.0676363,-84.3201586
D0333,MANISH GOVIN,Diagnostics,33.913106,-84.3500194
D0333,JOSE GONZALEZ,Specialty,33.8588065,-84.6008779
D0333,CHEREE ELDRIDGE,Specialty,33.8287758,-84.4974167
D0333,AMISH DUDEJA,Specialty,33.970984,-84.5500089
D0333,MONICA DONTAMSETTI,Specialty,33.9465147,-84.3306833
D0333,ANTHONY CUTSURIES,Specialty,33.9639889,-84.0173757
D0333,CHRISTOPHER CORWIN,Specialty,34.0558163,-84.1730181
D0333,RUDOLPH CISCO,Specialty,34.3073405,-83.8179283
D0333,CRAIG CAMASTA,Specialty,33.9035769,-84.3538832
D0333,GURLEEN BRAR,Specialty,33.7042645,-84.1570333
D0333,DAVID BELL,Specialty,33.8394566,-84.066545
D0333,ALAN BANKS,Specialty,33.8521416,-84.2480471
D0333,RICHARD ARONOFF,Specialty,34.0669906,-83.9021823
D0333,SADIA ALI,Specialty,33.900458,-84.801692
D0333,CENTER FOR VASCULAR INTERVENTION LLC,Diagnostics,33.9041681,-84.3524306
D0333,"VILLAGE PODIATRY GROUP, LLC.",Specialty,33.8876632,-84.4688767
D0333,QUEST DIAGNOSTICS CLINICAL LABORATORIES INC,Diagnostics,43.5544669,-116.5707977
D0333,QUEST DIAGNOSTICS LLC IL,Diagnostics,42.0565364,-88.0668854
D0333,QUEST DIAGNOSTICS LLC IL,Diagnostics,41.9896879,-87.9874525
D0333,MARIAM QURESHI,Primary Care,40.120755,-85.6539827
D0333,ANDREW MESSINA,Specialty,39.2305866,-85.9199888
D0333,Mid America Clinical Labs,Diagnostics,39.8048256,-86.0471327
D0333,Mid America Clinical Labs,Diagnostics,39.8048256,-86.0471327
D0333,Mid America Clinical Labs,Diagnostics,39.8048256,-86.0471327
D0333,QUEST DIAGNOSTICS CLINICAL LABORATORIES INC,Diagnostics,39.8048256,-86.0471327
D0333,LEAKNA UNG,Specialty,40.120755,-85.6539827
D0333,TUHIN MUKHERJEE,Specialty,39.2305866,-85.9199888
D0333,TOBEY GILMORE,Primary Care,39.8274094,-84.8874488
D0333,STEPHEN OFFUTT,Specialty,39.8274094,-84.8874488
D0333,MANJIT KAUR,Specialty,39.2305866,-85.9199888
D0333,NICHOLAS COSTIDAKIS,Specialty,40.4888093,-86.1589609
D0333,THOMAS VOGEL,Specialty,39.9562957,-85.9923274
D0333,WALTER WARREN,Specialty,38.9655609,-85.8716506
D0333,AARON WARNOCK,Specialty,39.479447,-86.0789176
D0333,NICHOLAS THOMPSON,Specialty,39.2305822,-85.9201177
D0333,DAVID SMITH,Specialty,40.2706793,-86.0421981
D0333,MAHIN SIDDIQUI,Specialty,40.120755,-85.6539827
D0333,SCOTT SCHULMAN,Specialty,40.0469283,-86.0224444
D0333,MATTHEW LINING,Specialty,38.387415,-86.9391704
D0333,ELISA LEAR RAYBORN,Specialty,39.8274094,-84.8874488
D0333,SCOTT KILBERG,Specialty,39.8891633,-86.0470115
D0333,ANTHONY JAGGER,Primary Care,40.4888093,-86.1589609
D0333,JOHN HLADIK,Specialty,39.2305822,-85.9201177
D0333,THOMAS FREEMAN,Specialty,40.2195692,-85.4263691
D0333,PATRICK DEHEER,Specialty,39.959299,-86.1597094
D0333,BRYAN CAMP,Specialty,40.0469283,-86.0224444
D0333,CHRISTINE BHINDER,Specialty,40.120755,-85.6539827
D0333,TIMOTHY BARRY,Specialty,38.387415,-86.9391704
D0333,LAB ONE LLC,Diagnostics,38.9466275,-94.7762569
D0333,KIMBERLY TURPIN-ROSE,Primary Care,37.0810952,-84.6192981
D0333,"Upperline Healthcare, PC",Specialty,36.9613074,-86.4507075
D0333,LARRY BRATCHER,Primary Care,37.0838137,-84.618825
D0333,KIMBERLY HOUCHENS,Primary Care,36.9613074,-86.4507075
D0333,CHERI FREIMUTH,Primary Care,37.0838137,-84.618825
D0333,SARAH TODD,Primary Care,37.0838137,-84.618825
D0333,DEBBIE PING,Primary Care,36.9613074,-86.4507075
D0333,KURT MALKAMES,Specialty,36.9613074,-86.4507075
D0333,ANDREW TOMPKINS,Specialty,37.6597553,-84.7962287
D0333,SHANNON SCHNELL,Specialty,36.9613074,-86.4507075
D0333,JEFFREY SCHNELL,Specialty,36.9613074,-86.4507075
D0333,JERRY ROBERTS,Specialty,37.0838352,-84.618829
D0333,JONATHAN MOORE,Specialty,37.0838352,-84.618829
D0333,CHRISTOPHER MILLER,Specialty,37.7765976,-84.3175482
D0333,AMANDA KOHUT,Specialty,36.8193285,-84.8704235
D0333,PAMELA JENSEN-STANLEY,Specialty,37.0255338,-85.0768376
D0333,PHILLIP HASLER,Specialty,36.9613074,-86.4507075
D0333,ANN DAVIS,Specialty,36.9294482,-84.1034724
D0333,CHAD COOPER,Specialty,37.112409,-84.0972039
D0333,COURTNEY CONNER,Specialty,36.6994825,-86.5750468
D0333,LORI CHINN,Primary Care,37.0838352,-84.618829
D0333,QUEST DIAGNOSTICS LLC,Diagnostics,42.3298086,-71.5799807
D0333,UNILAB CORPORATION,Diagnostics,39.2559378,-76.6704099
D0333,QUEST DIAGNOSTICS INCORPORATED MD,Diagnostics,39.2559378,-76.6704099
D0333,QUEST DIAGNOSTICS CLINICAL LABORATORIES INC,Diagnostics,43.0633217,-83.7650492
D0333,QUEST DIAGNOSTICS CLINICAL LABORATORIES INC,Diagnostics,38.7006276,-90.427244
D0333,LAB ONE LLC,Diagnostics,38.7131073,-90.4298401
D0333,LAB ONE LLC,Diagnostics,37.155484,-93.2796388
D0333,LAB ONE LLC,Diagnostics,37.3288459,-89.5728988
D0333,QUEST DIAGNOSTICS CLINICAL LABORATORIES INC,Diagnostics,45.7929854,-108.517487
D0333,"Quest Diagnostics Clinical Laboratories, Inc.",Diagnostics,35.847823,-78.8033293
D0333,"Quest Diagnostics Clinical Laboratories, Inc.",Diagnostics,35.2095292,-80.8248897
D0333,"Quest Diagnostics Clinical Laboratories, Inc.",Diagnostics,35.847823,-78.8033293
D0333,"Quest Diagnostics Clinical Laboratories, Inc.",Diagnostics,35.2095292,-80.8248897
D0333,QUEST DIAGNOSTICS CLINICAL LABORATORIES INC,Diagnostics,36.0630904,-79.9480919
D0333,LAB ONE LLC,Diagnostics,40.829428,-97.5942589
D0333,Quest Diagnostics LLC,Diagnostics,42.8994416,-71.3222436
D0333,Quest Diagnostics LLC,Diagnostics,42.8994416,-71.3222436
D0333,QUEST DIAGNOSTICS INCORPORATED,Diagnostics,40.3192352,-74.6529725
D0333,"Quest Diagnostics Clinical Laboratories, Inc.",Primary Care,35.1428808,-106.5999678
D0333,Quest Diagnostics Clinical Laboratories Inc,Primary Care,35.1428808,-106.5999678
D0333,QUEST DIAGNOSTICS CLINICAL LABORATORIES INC,Diagnostics,35.1428808,-106.5999678
D0333,"Quest Diagnostics Clinical Laboratories, Inc.",Primary Care,35.1428808,-106.5999678
D0333,QUEST DIAGNOSTICS INCORPORATED,Diagnostics,36.112043,-115.1230984
D0333,QUEST DIAGNOSTICS CLINICAL LABORATORIES INC,Diagnostics,40.7583209,-73.4143293
D0333,QUEST DIAGNOSTICS OF PENNSYLVANIA INC.,Diagnostics,43.1256356,-76.1273447
D0333,QUEST DIAGNOSTICS OF PENNSYLVANIA INC.,Diagnostics,43.0126556,-78.7783368
D0333,QUEST DIAGNOSTICS INCORPORATED,Diagnostics,40.7827544,-73.9507667
D0333,QUEST DIAGNOSTICS OF PENNSYLVANIA INC.,Diagnostics,41.2946133,-81.4332027
D0333,LABONE OF OHIO INC,Diagnostics,39.1856171,-84.4709338
D0333,CLEVELAND HEARTLAB INC,Diagnostics,41.5035494,-81.6430822
D0333,LAB ONE LLC,Diagnostics,35.6068771,-97.598904
D0333,QUEST DIAGNOSTICS CLINICAL LABORATORIES INC,Diagnostics,45.5602624,-122.5360833
D0333,QUEST DIAGNOSTICS CLINICAL LABORATORIES INC,Diagnostics,43.236734,-123.3676814
D0333,QUEST DIAGNOSTICS OF PENNSYLVANIA INC.,Diagnostics,40.4246414,-80.040817
D0333,QUEST DIAGNOSTICS CLINICAL LABORATORIES INC,Diagnostics,40.1281239,-75.3952679
D0333,QUEST DIAGNOSTICS CLINICAL LABORATORIES INC,Diagnostics,34.5273069,-82.6356845
D0333,JARED DIRKS,Primary Care,35.0218828,-85.1590043
D0333,LAURA ALFSTAD,Primary Care,35.0218828,-85.1590043
D0333,"Quest Diagnostics Clinical Laboratories, Inc.",Diagnostics,36.557806,-82.5533169
D0333,"Quest Diagnostics Clinical Laboratories, Inc.",Diagnostics,36.557806,-82.5533169
D0333,QUEST DIAGNOSTICS CLINICAL LABORATORIES INC,Diagnostics,35.9580208,-83.9361893
D0333,QUEST DIAGNOSTICS TB LLC,Diagnostics,35.0190335,-89.8682919
D0333,QUEST DIAGNOSTICS CLINICAL LABORATORIES INC,Diagnostics,36.1295795,-86.8446448
D0333,ANGELA FREEMAN,Specialty,35.1496874,-85.2498022
D0333,IRA KRAUS,Specialty,35.1957922,-84.8495507
D0333,TESS DAILEY,Primary Care,35.0156148,-85.235394
D0333,FAITH THEDFORD,Primary Care,35.4415404,-84.6364493
D0333,PAMELA MONTGOMERY,Primary Care,35.0156148,-85.235394
D0333,CHRISTIANA BEVERIDGE,Primary Care,35.0218828,-85.1590043
D0333,BARRY SCHULMAN,Specialty,35.1957922,-84.8495507
D0333,SHELLEY BRAND,Specialty,35.1496874,-85.2498022
D0333,CLAIR BELLO,Specialty,35.4421369,-84.6043271
D0333,SAM BAZRAFSHAN,Specialty,35.0156148,-85.235394
D0333,DAVID ANDERSON,Specialty,35.0218828,-85.1590043
D0333,QUEST DIAGNOSTICS CLINICAL LABORATORIES INC,Diagnostics,29.7154598,-95.5615886
D0333,QUEST DIAGNOSTICS CLINICAL LABORATORIES INC,Diagnostics,32.9326497,-97.0131852
D0333,QUEST DIAGNOSTICS CLINICAL LABORATORIES INC,Diagnostics,30.3089436,-97.7516014
D0333,MED FUSION LLC,Diagnostics,33.0023105,-97.0006732
D0333,QUEST DIAGNOSTICS CLINICAL LABORATORIES INC,Diagnostics,29.6158427,-98.4848329
D0333,QUEST DIAGNOSTICS CLINICAL LABORATORIES INC,Diagnostics,40.7252342,-111.9750375
D0333,LYNETTE SANTIAGO,Primary Care,36.8082088,-76.2160869
D0333,PATRICK AGNEW,Specialty,36.8082088,-76.2160869
D0333,QUEST DIAGNOSTICS CLINICAL LABORATORIES INC,Diagnostics,37.2513308,-79.9419059
D0333,"QUEST DIAGNOSTICS NICHOLS INSTITUTE, INC.",Diagnostics,38.8759587,-77.4393952
D0333,QUEST DIAGNOSTICS CLINICAL LABORATORIES INC,Diagnostics,47.5871659,-122.32205
D0333,QUEST DIAGNOSTICS CLINICAL LABORATORIES INC,Diagnostics,47.1556845,-122.3566409
D0333,QUEST DIAGNOSTICS CLINICAL LABORATORIES INC,Diagnostics,47.6511196,-117.4216192
D0333,QUEST DIAGNOSTICS LLC IL,Diagnostics,42.9567385,-87.9182707